"measure","value"
"Station identifier","WAML"
"Station number","97072"
"Observation time","150101/0000"
"Station latitude","-0.68"
"Station longitude","119.73"
"Station elevation","6.0"
"Showalter index","-0.29"
"Lifted index","-2.38"
"LIFT computed using virtual temperature","-2.69"
"SWEAT index","211.60"
"K index","35.60"
"Cross totals index","20.60"
"Vertical totals index","24.70"
"Totals totals index","45.30"
"Convective Available Potential Energy","170.15"
"CAPE using virtual temperature","239.39"
"Convective Inhibition","-83.47"
"CINS using virtual temperature","-64.81"
"Equilibrum Level","262.61"
"Equilibrum Level using virtual temperature","262.21"
"Level of Free Convection","772.54"
"LFCT using virtual temperature","797.70"
"Bulk Richardson Number","6.15"
"Bulk Richardson Number using CAPV","8.66"
"Temp [K] of the Lifted Condensation Level","294.08"
"Pres [hPa] of the Lifted Condensation Level","947.27"
"Mean mixed layer potential temperature","298.68"
"Mean mixed layer mixing ratio","16.77"
"1000 hPa to 500 hPa thickness","5773.00"
"Precipitable water [mm] for entire sounding","55.86"
"Station identifier","WAML"
"Station number","97072"
"Observation time","150109/1200"
"Station latitude","-0.68"
"Station longitude","119.73"
"Station elevation","6.0"
"Showalter index","1.54"
"Lifted index","-2.00"
"LIFT computed using virtual temperature","-2.33"
"SWEAT index","195.61"
"K index","32.00"
"Cross totals index","18.80"
"Vertical totals index","23.70"
"Totals totals index","42.50"
"Convective Available Potential Energy","386.25"
"CAPE using virtual temperature","478.50"
"Convective Inhibition","-46.79"
"CINS using virtual temperature","-21.81"
"Equilibrum Level","209.88"
"Equilibrum Level using virtual temperature","209.89"
"Level of Free Convection","778.82"
"LFCT using virtual temperature","827.94"
"Bulk Richardson Number","26.15"
"Bulk Richardson Number using CAPV","32.40"
"Temp [K] of the Lifted Condensation Level","293.01"
"Pres [hPa] of the Lifted Condensation Level","912.56"
"Mean mixed layer potential temperature","300.78"
"Mean mixed layer mixing ratio","16.29"
"1000 hPa to 500 hPa thickness","5784.00"
"Precipitable water [mm] for entire sounding","52.46"
"Station identifier","WAML"
"Station number","97072"
"Observation time","150110/0000"
"Station latitude","-0.68"
"Station longitude","119.73"
"Station elevation","6.0"
"Showalter index","-0.50"
"Lifted index","-1.00"
"LIFT computed using virtual temperature","-1.10"
"SWEAT index","223.21"
"K index","38.20"
"Cross totals index","21.80"
"Vertical totals index","22.10"
"Totals totals index","43.90"
"Convective Available Potential Energy","211.71"
"CAPE using virtual temperature","247.34"
"Convective Inhibition","-12.58"
"CINS using virtual temperature","-10.67"
"Equilibrum Level","345.38"
"Equilibrum Level using virtual temperature","340.98"
"Level of Free Convection","862.87"
"LFCT using virtual temperature","869.39"
"Bulk Richardson Number","10.31"
"Bulk Richardson Number using CAPV","12.04"
"Temp [K] of the Lifted Condensation Level","294.11"
"Pres [hPa] of the Lifted Condensation Level","960.95"
"Mean mixed layer potential temperature","297.48"
"Mean mixed layer mixing ratio","16.55"
"1000 hPa to 500 hPa thickness","5760.00"
"Precipitable water [mm] for entire sounding","61.15"
"Station identifier","WAML"
"Station number","97072"
"Observation time","150110/1200"
"Station latitude","-0.68"
"Station longitude","119.73"
"Station elevation","6.0"
"Showalter index","1.96"
"Lifted index","-0.15"
"LIFT computed using virtual temperature","-0.29"
"SWEAT index","217.01"
"K index","31.60"
"Cross totals index","18.40"
"Vertical totals index","23.10"
"Totals totals index","41.50"
"Convective Available Potential Energy","23.37"
"CAPE using virtual temperature","36.53"
"Convective Inhibition","-141.23"
"CINS using virtual temperature","-58.00"
"Equilibrum Level","426.88"
"Equilibrum Level using virtual temperature","438.74"
"Level of Free Convection","604.20"
"LFCT using virtual temperature","762.49"
"Bulk Richardson Number","0.57"
"Bulk Richardson Number using CAPV","0.89"
"Temp [K] of the Lifted Condensation Level","293.18"
"Pres [hPa] of the Lifted Condensation Level","937.39"
"Mean mixed layer potential temperature","298.67"
"Mean mixed layer mixing ratio","16.02"
"1000 hPa to 500 hPa thickness","5784.00"
"Precipitable water [mm] for entire sounding","55.93"
"Station identifier","WAML"
"Station number","97072"
"Observation time","150111/0000"
"Station latitude","-0.68"
"Station longitude","119.73"
"Station elevation","6.0"
"Showalter index","-0.68"
"Lifted index","-0.20"
"LIFT computed using virtual temperature","-0.29"
"SWEAT index","226.80"
"K index","33.00"
"Cross totals index","21.40"
"Vertical totals index","24.10"
"Totals totals index","45.50"
"Convective Available Potential Energy","3.33"
"CAPE using virtual temperature","6.06"
"Convective Inhibition","-251.73"
"CINS using virtual temperature","-199.37"
"Equilibrum Level","462.23"
"Equilibrum Level using virtual temperature","459.89"
"Level of Free Convection","517.68"
"LFCT using virtual temperature","526.08"
"Bulk Richardson Number","0.09"
"Bulk Richardson Number using CAPV","0.17"
"Temp [K] of the Lifted Condensation Level","292.50"
"Pres [hPa] of the Lifted Condensation Level","944.80"
"Mean mixed layer potential temperature","297.30"
"Mean mixed layer mixing ratio","15.21"
"1000 hPa to 500 hPa thickness","5768.00"
"Precipitable water [mm] for entire sounding","52.25"
"Station identifier","WAML"
"Station number","97072"
"Observation time","150111/1200"
"Station latitude","-0.68"
"Station longitude","119.73"
"Station elevation","6.0"
"Showalter index","-1.16"
"Lifted index","-3.40"
"LIFT computed using virtual temperature","-3.68"
"SWEAT index","223.61"
"K index","36.00"
"Cross totals index","21.70"
"Vertical totals index","23.90"
"Totals totals index","45.60"
"Convective Available Potential Energy","1138.75"
"CAPE using virtual temperature","1239.79"
"Convective Inhibition","-7.37"
"CINS using virtual temperature","-4.80"
"Equilibrum Level","139.78"
"Equilibrum Level using virtual temperature","139.10"
"Level of Free Convection","849.89"
"LFCT using virtual temperature","901.78"
"Bulk Richardson Number","69.99"
"Bulk Richardson Number using CAPV","76.20"
"Temp [K] of the Lifted Condensation Level","295.11"
"Pres [hPa] of the Lifted Condensation Level","951.10"
"Mean mixed layer potential temperature","299.39"
"Mean mixed layer mixing ratio","17.82"
"1000 hPa to 500 hPa thickness","5786.00"
"Precipitable water [mm] for entire sounding","61.48"
"Station identifier","WAML"
"Station number","97072"
"Observation time","150112/0000"
"Station latitude","-0.68"
"Station longitude","119.73"
"Station elevation","6.0"
"Showalter index","0.49"
"Lifted index","-0.09"
"LIFT computed using virtual temperature","-0.28"
"SWEAT index","209.22"
"K index","35.30"
"Cross totals index","20.00"
"Vertical totals index","23.90"
"Totals totals index","43.90"
"Convective Available Potential Energy","2.14"
"CAPE using virtual temperature","14.11"
"Convective Inhibition","-153.11"
"CINS using virtual temperature","-122.97"
"Equilibrum Level","492.52"
"Equilibrum Level using virtual temperature","482.86"
"Level of Free Convection","561.46"
"LFCT using virtual temperature","551.70"
"Bulk Richardson Number","0.11"
"Bulk Richardson Number using CAPV","0.73"
"Temp [K] of the Lifted Condensation Level","291.70"
"Pres [hPa] of the Lifted Condensation Level","916.61"
"Mean mixed layer potential temperature","299.07"
"Mean mixed layer mixing ratio","14.91"
"1000 hPa to 500 hPa thickness","5770.00"
"Precipitable water [mm] for entire sounding","54.45"
"Station identifier","WAML"
"Station number","97072"
"Observation time","150112/1200"
"Station latitude","-0.68"
"Station longitude","119.73"
"Station elevation","6.0"
"Showalter index","-0.14"
"Lifted index","-2.47"
"LIFT computed using virtual temperature","-2.86"
"SWEAT index","223.40"
"K index","38.10"
"Cross totals index","20.50"
"Vertical totals index","22.70"
"Totals totals index","43.20"
"Convective Available Potential Energy","1519.54"
"CAPE using virtual temperature","1625.54"
"Convective Inhibition","-19.95"
"CINS using virtual temperature","-9.82"
"Equilibrum Level","140.88"
"Equilibrum Level using virtual temperature","140.71"
"Level of Free Convection","851.83"
"LFCT using virtual temperature","871.24"
"Bulk Richardson Number","45.02"
"Bulk Richardson Number using CAPV","48.16"
"Temp [K] of the Lifted Condensation Level","294.10"
"Pres [hPa] of the Lifted Condensation Level","912.61"
"Mean mixed layer potential temperature","301.90"
"Mean mixed layer mixing ratio","17.47"
"1000 hPa to 500 hPa thickness","5864.00"
"Precipitable water [mm] for entire sounding","61.92"
"Station identifier","WAML"
"Station number","97072"
"Observation time","150113/0000"
"Station latitude","-0.68"
"Station longitude","119.73"
"Station elevation","6.0"
"Showalter index","0.78"
"Lifted index","-1.22"
"LIFT computed using virtual temperature","-1.69"
"SWEAT index","197.40"
"K index","35.10"
"Cross totals index","19.40"
"Vertical totals index","24.30"
"Totals totals index","43.70"
"Convective Available Potential Energy","258.94"
"CAPE using virtual temperature","343.18"
"Convective Inhibition","-118.58"
"CINS using virtual temperature","-92.30"
"Equilibrum Level","258.56"
"Equilibrum Level using virtual temperature","257.16"
"Level of Free Convection","699.05"
"LFCT using virtual temperature","725.88"
"Bulk Richardson Number","21.33"
"Bulk Richardson Number using CAPV","28.27"
"Temp [K] of the Lifted Condensation Level","292.67"
"Pres [hPa] of the Lifted Condensation Level","919.84"
"Mean mixed layer potential temperature","299.76"
"Mean mixed layer mixing ratio","15.81"
"1000 hPa to 500 hPa thickness","5771.00"
"Precipitable water [mm] for entire sounding","52.79"
"Station identifier","WAML"
"Station number","97072"
"Observation time","150113/1200"
"Station latitude","-0.68"
"Station longitude","119.73"
"Station elevation","6.0"
"Showalter index","-0.74"
"Lifted index","-2.72"
"LIFT computed using virtual temperature","-3.18"
"SWEAT index","223.40"
"K index","35.70"
"Cross totals index","21.10"
"Vertical totals index","23.30"
"Totals totals index","44.40"
"Convective Available Potential Energy","1088.90"
"CAPE using virtual temperature","1222.06"
"Convective Inhibition","-29.72"
"CINS using virtual temperature","-20.30"
"Equilibrum Level","146.22"
"Equilibrum Level using virtual temperature","146.20"
"Level of Free Convection","819.70"
"LFCT using virtual temperature","857.52"
"Bulk Richardson Number","25.80"
"Bulk Richardson Number using CAPV","28.96"
"Temp [K] of the Lifted Condensation Level","294.02"
"Pres [hPa] of the Lifted Condensation Level","916.60"
"Mean mixed layer potential temperature","301.44"
"Mean mixed layer mixing ratio","17.29"
"1000 hPa to 500 hPa thickness","5796.00"
"Precipitable water [mm] for entire sounding","57.42"
"Station identifier","WAML"
"Station number","97072"
"Observation time","150114/0000"
"Station latitude","-0.68"
"Station longitude","119.73"
"Station elevation","6.0"
"Showalter index","2.26"
"Lifted index","-0.85"
"LIFT computed using virtual temperature","-1.10"
"SWEAT index","174.81"
"K index","32.60"
"Cross totals index","17.90"
"Vertical totals index","23.90"
"Totals totals index","41.80"
"Convective Available Potential Energy","95.06"
"CAPE using virtual temperature","145.32"
"Convective Inhibition","-141.03"
"CINS using virtual temperature","-104.63"
"Equilibrum Level","318.78"
"Equilibrum Level using virtual temperature","315.11"
"Level of Free Convection","651.78"
"LFCT using virtual temperature","680.84"
"Bulk Richardson Number","11.88"
"Bulk Richardson Number using CAPV","18.16"
"Temp [K] of the Lifted Condensation Level","293.02"
"Pres [hPa] of the Lifted Condensation Level","931.54"
"Mean mixed layer potential temperature","299.02"
"Mean mixed layer mixing ratio","15.95"
"1000 hPa to 500 hPa thickness","5778.00"
"Precipitable water [mm] for entire sounding","54.36"
"Station identifier","WAML"
"Station number","97072"
"Observation time","150101/1200"
"Station latitude","-0.68"
"Station longitude","119.73"
"Station elevation","6.0"
"Showalter index","0.16"
"Lifted index","-3.21"
"LIFT computed using virtual temperature","-3.68"
"SWEAT index","218.41"
"K index","32.60"
"Cross totals index","20.20"
"Vertical totals index","22.90"
"Totals totals index","43.10"
"Convective Available Potential Energy","1320.97"
"CAPE using virtual temperature","1500.37"
"Convective Inhibition","-22.60"
"CINS using virtual temperature","-12.14"
"Equilibrum Level","145.39"
"Equilibrum Level using virtual temperature","145.00"
"Level of Free Convection","864.94"
"LFCT using virtual temperature","882.89"
"Bulk Richardson Number","105.76"
"Bulk Richardson Number using CAPV","120.13"
"Temp [K] of the Lifted Condensation Level","294.61"
"Pres [hPa] of the Lifted Condensation Level","916.75"
"Mean mixed layer potential temperature","302.03"
"Mean mixed layer mixing ratio","17.95"
"1000 hPa to 500 hPa thickness","5806.00"
"Precipitable water [mm] for entire sounding","54.55"
"Station identifier","WAML"
"Station number","97072"
"Observation time","150114/1200"
"Station latitude","-0.68"
"Station longitude","119.73"
"Station elevation","6.0"
"Showalter index","-0.14"
"Lifted index","-1.77"
"LIFT computed using virtual temperature","-2.11"
"SWEAT index","203.21"
"K index","35.40"
"Cross totals index","20.20"
"Vertical totals index","24.10"
"Totals totals index","44.30"
"Convective Available Potential Energy","245.20"
"CAPE using virtual temperature","331.41"
"Convective Inhibition","-102.46"
"CINS using virtual temperature","-72.62"
"Equilibrum Level","241.09"
"Equilibrum Level using virtual temperature","241.23"
"Level of Free Convection","712.48"
"LFCT using virtual temperature","725.52"
"Bulk Richardson Number","9.50"
"Bulk Richardson Number using CAPV","12.84"
"Temp [K] of the Lifted Condensation Level","292.10"
"Pres [hPa] of the Lifted Condensation Level","886.91"
"Mean mixed layer potential temperature","302.30"
"Mean mixed layer mixing ratio","15.83"
"1000 hPa to 500 hPa thickness","5795.00"
"Precipitable water [mm] for entire sounding","54.85"
"Station identifier","WAML"
"Station number","97072"
"Observation time","150115/0000"
"Station latitude","-0.68"
"Station longitude","119.73"
"Station elevation","6.0"
"Showalter index","1.08"
"Lifted index","-0.49"
"LIFT computed using virtual temperature","-0.70"
"SWEAT index","194.81"
"K index","33.40"
"Cross totals index","19.60"
"Vertical totals index","23.30"
"Totals totals index","42.90"
"Convective Available Potential Energy","79.54"
"CAPE using virtual temperature","107.71"
"Convective Inhibition","-55.59"
"CINS using virtual temperature","-41.48"
"Equilibrum Level","442.56"
"Equilibrum Level using virtual temperature","437.26"
"Level of Free Convection","792.11"
"LFCT using virtual temperature","804.74"
"Bulk Richardson Number","10.15"
"Bulk Richardson Number using CAPV","13.74"
"Temp [K] of the Lifted Condensation Level","292.22"
"Pres [hPa] of the Lifted Condensation Level","920.09"
"Mean mixed layer potential temperature","299.27"
"Mean mixed layer mixing ratio","15.36"
"1000 hPa to 500 hPa thickness","5763.00"
"Precipitable water [mm] for entire sounding","54.58"
"Station identifier","WAML"
"Station number","97072"
"Observation time","150115/1200"
"Station latitude","-0.68"
"Station longitude","119.73"
"Station elevation","6.0"
"Showalter index","1.24"
"Lifted index","-0.39"
"LIFT computed using virtual temperature","-0.71"
"SWEAT index","199.21"
"K index","34.80"
"Cross totals index","19.20"
"Vertical totals index","22.30"
"Totals totals index","41.50"
"Convective Available Potential Energy","151.79"
"CAPE using virtual temperature","204.86"
"Convective Inhibition","-68.36"
"CINS using virtual temperature","-46.38"
"Equilibrum Level","348.55"
"Equilibrum Level using virtual temperature","342.34"
"Level of Free Convection","753.99"
"LFCT using virtual temperature","790.05"
"Bulk Richardson Number","5.55"
"Bulk Richardson Number using CAPV","7.49"
"Temp [K] of the Lifted Condensation Level","292.21"
"Pres [hPa] of the Lifted Condensation Level","895.60"
"Mean mixed layer potential temperature","301.57"
"Mean mixed layer mixing ratio","15.78"
"1000 hPa to 500 hPa thickness","5790.00"
"Precipitable water [mm] for entire sounding","57.11"
"Station identifier","WAML"
"Station number","97072"
"Observation time","150116/0000"
"Station latitude","-0.68"
"Station longitude","119.73"
"Station elevation","6.0"
"Showalter index","1.20"
"Lifted index","-1.08"
"LIFT computed using virtual temperature","-1.32"
"SWEAT index","210.81"
"K index","35.50"
"Cross totals index","19.90"
"Vertical totals index","22.30"
"Totals totals index","42.20"
"Convective Available Potential Energy","272.51"
"CAPE using virtual temperature","328.36"
"Convective Inhibition","-54.50"
"CINS using virtual temperature","-45.03"
"Equilibrum Level","421.57"
"Equilibrum Level using virtual temperature","420.23"
"Level of Free Convection","844.22"
"LFCT using virtual temperature","855.16"
"Bulk Richardson Number","16.47"
"Bulk Richardson Number using CAPV","19.84"
"Temp [K] of the Lifted Condensation Level","292.97"
"Pres [hPa] of the Lifted Condensation Level","926.41"
"Mean mixed layer potential temperature","299.45"
"Mean mixed layer mixing ratio","16.00"
"1000 hPa to 500 hPa thickness","5755.00"
"Precipitable water [mm] for entire sounding","56.12"
"Station identifier","WAML"
"Station number","97072"
"Observation time","150116/1200"
"Station latitude","-0.68"
"Station longitude","119.73"
"Station elevation","6.0"
"Showalter index","1.81"
"Lifted index","-2.40"
"LIFT computed using virtual temperature","-2.76"
"SWEAT index","179.61"
"K index","32.50"
"Cross totals index","17.70"
"Vertical totals index","24.70"
"Totals totals index","42.40"
"Convective Available Potential Energy","713.22"
"CAPE using virtual temperature","807.84"
"Convective Inhibition","-105.81"
"CINS using virtual temperature","-57.21"
"Equilibrum Level","184.44"
"Equilibrum Level using virtual temperature","182.96"
"Level of Free Convection","694.70"
"LFCT using virtual temperature","823.22"
"Bulk Richardson Number","103.11"
"Bulk Richardson Number using CAPV","116.79"
"Temp [K] of the Lifted Condensation Level","292.69"
"Pres [hPa] of the Lifted Condensation Level","888.13"
"Mean mixed layer potential temperature","302.81"
"Mean mixed layer mixing ratio","16.46"
"1000 hPa to 500 hPa thickness","5800.00"
"Precipitable water [mm] for entire sounding","54.19"
"Station identifier","WAML"
"Station number","97072"
"Observation time","150117/0000"
"Station latitude","-0.68"
"Station longitude","119.73"
"Station elevation","6.0"
"Showalter index","0.86"
"Lifted index","-0.13"
"LIFT computed using virtual temperature","-0.31"
"SWEAT index","176.01"
"K index","30.60"
"Cross totals index","19.60"
"Vertical totals index","24.10"
"Totals totals index","43.70"
"Convective Available Potential Energy","0.41"
"CAPE using virtual temperature","2.96"
"Convective Inhibition","-341.33"
"CINS using virtual temperature","-298.20"
"Equilibrum Level","493.66"
"Equilibrum Level using virtual temperature","488.32"
"Level of Free Convection","508.29"
"LFCT using virtual temperature","521.01"
"Bulk Richardson Number","0.03"
"Bulk Richardson Number using CAPV","0.22"
"Temp [K] of the Lifted Condensation Level","291.69"
"Pres [hPa] of the Lifted Condensation Level","918.90"
"Mean mixed layer potential temperature","298.84"
"Mean mixed layer mixing ratio","14.86"
"1000 hPa to 500 hPa thickness","5785.00"
"Precipitable water [mm] for entire sounding","52.32"
"Station identifier","WAML"
"Station number","97072"
"Observation time","150117/1200"
"Station latitude","-0.68"
"Station longitude","119.73"
"Station elevation","6.0"
"Showalter index","1.67"
"Lifted index","-2.05"
"LIFT computed using virtual temperature","-2.48"
"SWEAT index","179.21"
"K index","33.40"
"Cross totals index","18.50"
"Vertical totals index","23.50"
"Totals totals index","42.00"
"Convective Available Potential Energy","624.43"
"CAPE using virtual temperature","717.58"
"Convective Inhibition","-74.76"
"CINS using virtual temperature","-32.58"
"Equilibrum Level","184.25"
"Equilibrum Level using virtual temperature","183.62"
"Level of Free Convection","725.28"
"LFCT using virtual temperature","797.04"
"Bulk Richardson Number","24.45"
"Bulk Richardson Number using CAPV","28.09"
"Temp [K] of the Lifted Condensation Level","293.33"
"Pres [hPa] of the Lifted Condensation Level","910.01"
"Mean mixed layer potential temperature","301.36"
"Mean mixed layer mixing ratio","16.69"
"1000 hPa to 500 hPa thickness","5786.00"
"Precipitable water [mm] for entire sounding","54.31"
"Station identifier","WAML"
"Station number","97072"
"Observation time","150118/0000"
"Station latitude","-0.68"
"Station longitude","119.73"
"Station elevation","6.0"
"Showalter index","-0.88"
"Lifted index","-1.81"
"LIFT computed using virtual temperature","-2.01"
"SWEAT index","204.01"
"K index","38.50"
"Cross totals index","21.20"
"Vertical totals index","25.10"
"Totals totals index","46.30"
"Convective Available Potential Energy","151.83"
"CAPE using virtual temperature","176.43"
"Convective Inhibition","-103.88"
"CINS using virtual temperature","-88.55"
"Equilibrum Level","410.64"
"Equilibrum Level using virtual temperature","408.03"
"Level of Free Convection","717.76"
"LFCT using virtual temperature","728.72"
"Bulk Richardson Number","22.96"
"Bulk Richardson Number using CAPV","26.67"
"Temp [K] of the Lifted Condensation Level","292.74"
"Pres [hPa] of the Lifted Condensation Level","928.27"
"Mean mixed layer potential temperature","299.05"
"Mean mixed layer mixing ratio","15.73"
"1000 hPa to 500 hPa thickness","5763.00"
"Precipitable water [mm] for entire sounding","59.14"
"Station identifier","WAML"
"Station number","97072"
"Observation time","150118/1200"
"Station latitude","-0.68"
"Station longitude","119.73"
"Station elevation","6.0"
"Showalter index","0.52"
"Lifted index","-0.34"
"LIFT computed using virtual temperature","-0.39"
"SWEAT index","216.01"
"K index","36.80"
"Cross totals index","20.30"
"Vertical totals index","22.70"
"Totals totals index","43.00"
"Convective Available Potential Energy","51.21"
"CAPE using virtual temperature","62.83"
"Convective Inhibition","-52.43"
"CINS using virtual temperature","-45.40"
"Equilibrum Level","450.17"
"Equilibrum Level using virtual temperature","449.51"
"Level of Free Convection","785.18"
"LFCT using virtual temperature","800.40"
"Bulk Richardson Number","3.75"
"Bulk Richardson Number using CAPV","4.60"
"Temp [K] of the Lifted Condensation Level","292.74"
"Pres [hPa] of the Lifted Condensation Level","929.45"
"Mean mixed layer potential temperature","298.94"
"Mean mixed layer mixing ratio","15.71"
"1000 hPa to 500 hPa thickness","5768.00"
"Precipitable water [mm] for entire sounding","61.21"
"Station identifier","WAML"
"Station number","97072"
"Observation time","150119/0000"
"Station latitude","-0.68"
"Station longitude","119.73"
"Station elevation","6.0"
"Showalter index","1.85"
"Lifted index","-0.30"
"LIFT computed using virtual temperature","-0.50"
"SWEAT index","190.60"
"K index","34.30"
"Cross totals index","19.00"
"Vertical totals index","22.90"
"Totals totals index","41.90"
"Convective Available Potential Energy","36.25"
"CAPE using virtual temperature","61.95"
"Convective Inhibition","-116.65"
"CINS using virtual temperature","-80.95"
"Equilibrum Level","464.60"
"Equilibrum Level using virtual temperature","455.42"
"Level of Free Convection","662.44"
"LFCT using virtual temperature","703.18"
"Bulk Richardson Number","5.91"
"Bulk Richardson Number using CAPV","10.10"
"Temp [K] of the Lifted Condensation Level","293.13"
"Pres [hPa] of the Lifted Condensation Level","946.62"
"Mean mixed layer potential temperature","297.77"
"Mean mixed layer mixing ratio","15.81"
"1000 hPa to 500 hPa thickness","5763.00"
"Precipitable water [mm] for entire sounding","53.12"
"Station identifier","WAML"
"Station number","97072"
"Observation time","150102/0000"
"Station latitude","-0.68"
"Station longitude","119.73"
"Station elevation","6.0"
"Showalter index","-0.39"
"Lifted index","0.28"
"LIFT computed using virtual temperature","0.16"
"SWEAT index","236.00"
"K index","38.50"
"Cross totals index","21.30"
"Vertical totals index","23.50"
"Totals totals index","44.80"
"Convective Available Potential Energy","66.43"
"CAPE using virtual temperature","86.49"
"Convective Inhibition","-151.96"
"CINS using virtual temperature","-150.19"
"Equilibrum Level","505.80"
"Equilibrum Level using virtual temperature","502.98"
"Level of Free Convection","646.00"
"LFCT using virtual temperature","648.77"
"Bulk Richardson Number","3.64"
"Bulk Richardson Number using CAPV","4.74"
"Temp [K] of the Lifted Condensation Level","290.36"
"Pres [hPa] of the Lifted Condensation Level","895.85"
"Mean mixed layer potential temperature","299.65"
"Mean mixed layer mixing ratio","14.01"
"1000 hPa to 500 hPa thickness","5746.00"
"Precipitable water [mm] for entire sounding","54.93"
"Station identifier","WAML"
"Station number","97072"
"Observation time","150119/1200"
"Station latitude","-0.68"
"Station longitude","119.73"
"Station elevation","6.0"
"Showalter index","1.00"
"Lifted index","0.63"
"LIFT computed using virtual temperature","0.64"
"SWEAT index","201.61"
"K index","36.70"
"Cross totals index","20.30"
"Vertical totals index","21.90"
"Totals totals index","42.20"
"Convective Available Potential Energy","37.69"
"CAPE using virtual temperature","41.50"
"Convective Inhibition","-59.87"
"CINS using virtual temperature","-54.96"
"Equilibrum Level","571.40"
"Equilibrum Level using virtual temperature","571.21"
"Level of Free Convection","725.34"
"LFCT using virtual temperature","726.03"
"Bulk Richardson Number","14.65"
"Bulk Richardson Number using CAPV","16.14"
"Temp [K] of the Lifted Condensation Level","293.30"
"Pres [hPa] of the Lifted Condensation Level","962.92"
"Mean mixed layer potential temperature","296.49"
"Mean mixed layer mixing ratio","15.70"
"1000 hPa to 500 hPa thickness","5755.00"
"Precipitable water [mm] for entire sounding","60.79"
"Station identifier","WAML"
"Station number","97072"
"Observation time","150120/0000"
"Station latitude","-0.68"
"Station longitude","119.73"
"Station elevation","6.0"
"Showalter index","-0.50"
"Lifted index","0.49"
"LIFT computed using virtual temperature","0.48"
"SWEAT index","192.01"
"K index","35.70"
"Cross totals index","21.40"
"Vertical totals index","24.10"
"Totals totals index","45.50"
"Convective Available Potential Energy","4.83"
"CAPE using virtual temperature","7.28"
"Convective Inhibition","-183.32"
"CINS using virtual temperature","-169.38"
"Equilibrum Level","548.62"
"Equilibrum Level using virtual temperature","549.09"
"Level of Free Convection","617.45"
"LFCT using virtual temperature","625.78"
"Bulk Richardson Number","0.73"
"Bulk Richardson Number using CAPV","1.10"
"Temp [K] of the Lifted Condensation Level","292.11"
"Pres [hPa] of the Lifted Condensation Level","951.94"
"Mean mixed layer potential temperature","296.26"
"Mean mixed layer mixing ratio","14.73"
"1000 hPa to 500 hPa thickness","5741.00"
"Precipitable water [mm] for entire sounding","55.39"
"Station identifier","WAML"
"Station number","97072"
"Observation time","150120/1200"
"Station latitude","-0.68"
"Station longitude","119.73"
"Station elevation","6.0"
"Showalter index","-1.18"
"Lifted index","-1.74"
"LIFT computed using virtual temperature","-2.02"
"SWEAT index","221.40"
"K index","36.90"
"Cross totals index","22.10"
"Vertical totals index","23.10"
"Totals totals index","45.20"
"Convective Available Potential Energy","321.42"
"CAPE using virtual temperature","382.24"
"Convective Inhibition","-36.33"
"CINS using virtual temperature","-31.44"
"Equilibrum Level","213.02"
"Equilibrum Level using virtual temperature","213.05"
"Level of Free Convection","835.57"
"LFCT using virtual temperature","843.01"
"Bulk Richardson Number","20.91"
"Bulk Richardson Number using CAPV","24.87"
"Temp [K] of the Lifted Condensation Level","292.99"
"Pres [hPa] of the Lifted Condensation Level","922.91"
"Mean mixed layer potential temperature","299.81"
"Mean mixed layer mixing ratio","16.08"
"1000 hPa to 500 hPa thickness","5774.00"
"Precipitable water [mm] for entire sounding","58.68"
"Station identifier","WAML"
"Station number","97072"
"Observation time","150121/0000"
"Station latitude","-0.68"
"Station longitude","119.73"
"Station elevation","6.0"
"Showalter index","2.23"
"Lifted index","1.57"
"LIFT computed using virtual temperature","1.13"
"SWEAT index","169.00"
"K index","33.20"
"Cross totals index","18.10"
"Vertical totals index","24.10"
"Totals totals index","42.20"
"Convective Available Potential Energy","0.00"
"CAPE using virtual temperature","0.00"
"Convective Inhibition","0.00"
"CINS using virtual temperature","0.00"
"Bulk Richardson Number","0.00"
"Bulk Richardson Number using CAPV","0.00"
"Temp [K] of the Lifted Condensation Level","290.16"
"Pres [hPa] of the Lifted Condensation Level","907.54"
"Mean mixed layer potential temperature","298.32"
"Mean mixed layer mixing ratio","13.64"
"1000 hPa to 500 hPa thickness","5761.00"
"Precipitable water [mm] for entire sounding","46.54"
"Station identifier","WAML"
"Station number","97072"
"Observation time","150121/1200"
"Station latitude","-0.68"
"Station longitude","119.73"
"Station elevation","6.0"
"Showalter index","1.29"
"Lifted index","-0.73"
"LIFT computed using virtual temperature","-1.34"
"SWEAT index","190.81"
"K index","34.50"
"Cross totals index","19.00"
"Vertical totals index","23.50"
"Totals totals index","42.50"
"Convective Available Potential Energy","259.49"
"CAPE using virtual temperature","360.22"
"Convective Inhibition","-92.89"
"CINS using virtual temperature","-69.16"
"Equilibrum Level","233.48"
"Equilibrum Level using virtual temperature","233.62"
"Level of Free Convection","732.63"
"LFCT using virtual temperature","760.82"
"Bulk Richardson Number","10.05"
"Bulk Richardson Number using CAPV","13.95"
"Temp [K] of the Lifted Condensation Level","292.28"
"Pres [hPa] of the Lifted Condensation Level","908.19"
"Mean mixed layer potential temperature","300.45"
"Mean mixed layer mixing ratio","15.63"
"1000 hPa to 500 hPa thickness","5776.00"
"Precipitable water [mm] for entire sounding","51.75"
"Station identifier","WAML"
"Station number","97072"
"Observation time","150122/0000"
"Station latitude","-0.68"
"Station longitude","119.73"
"Station elevation","6.0"
"Showalter index","-0.33"
"Lifted index","-1.41"
"LIFT computed using virtual temperature","-1.66"
"SWEAT index","182.41"
"K index","34.60"
"Cross totals index","20.80"
"Vertical totals index","25.10"
"Totals totals index","45.90"
"Convective Available Potential Energy","104.25"
"CAPE using virtual temperature","131.03"
"Convective Inhibition","-162.76"
"CINS using virtual temperature","-127.74"
"Equilibrum Level","471.24"
"Equilibrum Level using virtual temperature","465.24"
"Level of Free Convection","655.84"
"LFCT using virtual temperature","672.44"
"Bulk Richardson Number","207.87"
"Bulk Richardson Number using CAPV","261.27"
"Temp [K] of the Lifted Condensation Level","292.30"
"Pres [hPa] of the Lifted Condensation Level","930.00"
"Mean mixed layer potential temperature","298.44"
"Mean mixed layer mixing ratio","15.28"
"1000 hPa to 500 hPa thickness","5756.00"
"Precipitable water [mm] for entire sounding","51.18"
"Station identifier","WAML"
"Station number","97072"
"Observation time","150122/1200"
"Station latitude","-0.68"
"Station longitude","119.73"
"Station elevation","6.0"
"Showalter index","-0.10"
"Lifted index","0.42"
"LIFT computed using virtual temperature","0.37"
"SWEAT index","220.82"
"K index","37.50"
"Cross totals index","21.60"
"Vertical totals index","22.70"
"Totals totals index","44.30"
"Convective Available Potential Energy","0.16"
"CAPE using virtual temperature","0.75"
"Convective Inhibition","-146.01"
"CINS using virtual temperature","-146.79"
"Equilibrum Level","481.64"
"Equilibrum Level using virtual temperature","478.81"
"Level of Free Convection","488.12"
"LFCT using virtual temperature","490.65"
"Bulk Richardson Number","0.04"
"Bulk Richardson Number using CAPV","0.17"
"Temp [K] of the Lifted Condensation Level","290.19"
"Pres [hPa] of the Lifted Condensation Level","899.92"
"Mean mixed layer potential temperature","299.08"
"Mean mixed layer mixing ratio","13.79"
"1000 hPa to 500 hPa thickness","5750.00"
"Precipitable water [mm] for entire sounding","57.64"
"Station identifier","WAML"
"Station number","97072"
"Observation time","150123/0000"
"Station latitude","-0.68"
"Station longitude","119.73"
"Station elevation","6.0"
"Showalter index","2.39"
"Lifted index","1.60"
"LIFT computed using virtual temperature","1.20"
"SWEAT index","176.01"
"K index","30.60"
"Cross totals index","18.60"
"Vertical totals index","22.90"
"Totals totals index","41.50"
"Convective Available Potential Energy","0.00"
"CAPE using virtual temperature","0.00"
"Convective Inhibition","0.00"
"CINS using virtual temperature","0.00"
"Bulk Richardson Number","0.00"
"Bulk Richardson Number using CAPV","0.00"
"Temp [K] of the Lifted Condensation Level","290.58"
"Pres [hPa] of the Lifted Condensation Level","918.19"
"Mean mixed layer potential temperature","297.76"
"Mean mixed layer mixing ratio","13.84"
"1000 hPa to 500 hPa thickness","5752.00"
"Precipitable water [mm] for entire sounding","47.21"
"Station identifier","WAML"
"Station number","97072"
"Observation time","150123/1200"
"Station latitude","-0.68"
"Station longitude","119.73"
"Station elevation","6.0"
"Showalter index","0.58"
"Lifted index","-0.62"
"LIFT computed using virtual temperature","-0.91"
"SWEAT index","194.81"
"K index","33.40"
"Cross totals index","19.80"
"Vertical totals index","24.10"
"Totals totals index","43.90"
"Convective Available Potential Energy","87.60"
"CAPE using virtual temperature","148.34"
"Convective Inhibition","-158.07"
"CINS using virtual temperature","-124.61"
"Equilibrum Level","337.94"
"Equilibrum Level using virtual temperature","336.77"
"Level of Free Convection","647.35"
"LFCT using virtual temperature","705.24"
"Bulk Richardson Number","7.20"
"Bulk Richardson Number using CAPV","12.18"
"Temp [K] of the Lifted Condensation Level","291.01"
"Pres [hPa] of the Lifted Condensation Level","891.40"
"Mean mixed layer potential temperature","300.74"
"Mean mixed layer mixing ratio","14.68"
"1000 hPa to 500 hPa thickness","5773.00"
"Precipitable water [mm] for entire sounding","50.00"
"Station identifier","WAML"
"Station number","97072"
"Observation time","150124/0000"
"Station latitude","-0.68"
"Station longitude","119.73"
"Station elevation","6.0"
"Showalter index","1.06"
"Lifted index","1.23"
"LIFT computed using virtual temperature","1.06"
"SWEAT index","174.00"
"K index","31.20"
"Cross totals index","19.60"
"Vertical totals index","23.70"
"Totals totals index","43.30"
"Convective Available Potential Energy","0.00"
"CAPE using virtual temperature","0.00"
"Convective Inhibition","0.00"
"CINS using virtual temperature","0.00"
"Bulk Richardson Number","0.00"
"Bulk Richardson Number using CAPV","0.00"
"Temp [K] of the Lifted Condensation Level","290.98"
"Pres [hPa] of the Lifted Condensation Level","922.51"
"Mean mixed layer potential temperature","297.77"
"Mean mixed layer mixing ratio","14.15"
"1000 hPa to 500 hPa thickness","5764.00"
"Precipitable water [mm] for entire sounding","48.77"
"Station identifier","WAML"
"Station number","97072"
"Observation time","150103/0000"
"Station latitude","-0.68"
"Station longitude","119.73"
"Station elevation","6.0"
"Showalter index","-0.38"
"Lifted index","-0.30"
"LIFT computed using virtual temperature","-0.45"
"SWEAT index","210.01"
"K index","35.40"
"Cross totals index","20.60"
"Vertical totals index","24.70"
"Totals totals index","45.30"
"Convective Available Potential Energy","14.47"
"CAPE using virtual temperature","20.64"
"Convective Inhibition","-121.91"
"CINS using virtual temperature","-113.29"
"Equilibrum Level","494.02"
"Equilibrum Level using virtual temperature","490.92"
"Level of Free Convection","772.12"
"LFCT using virtual temperature","776.61"
"Bulk Richardson Number","0.44"
"Bulk Richardson Number using CAPV","0.63"
"Temp [K] of the Lifted Condensation Level","291.85"
"Pres [hPa] of the Lifted Condensation Level","920.18"
"Mean mixed layer potential temperature","298.88"
"Mean mixed layer mixing ratio","14.99"
"1000 hPa to 500 hPa thickness","5774.00"
"Precipitable water [mm] for entire sounding","55.06"
"Station identifier","WAML"
"Station number","97072"
"Observation time","150124/1200"
"Station latitude","-0.68"
"Station longitude","119.73"
"Station elevation","6.0"
"Showalter index","0.73"
"Lifted index","-0.27"
"LIFT computed using virtual temperature","-0.77"
"SWEAT index","190.41"
"K index","34.00"
"Cross totals index","19.60"
"Vertical totals index","23.30"
"Totals totals index","42.90"
"Convective Available Potential Energy","231.50"
"CAPE using virtual temperature","312.12"
"Convective Inhibition","-125.09"
"CINS using virtual temperature","-95.20"
"Equilibrum Level","245.77"
"Equilibrum Level using virtual temperature","245.99"
"Level of Free Convection","659.95"
"LFCT using virtual temperature","706.56"
"Bulk Richardson Number","52.49"
"Bulk Richardson Number using CAPV","70.77"
"Temp [K] of the Lifted Condensation Level","291.71"
"Pres [hPa] of the Lifted Condensation Level","897.96"
"Mean mixed layer potential temperature","300.83"
"Mean mixed layer mixing ratio","15.25"
"1000 hPa to 500 hPa thickness","5779.00"
"Precipitable water [mm] for entire sounding","51.82"
"Station identifier","WAML"
"Station number","97072"
"Observation time","150125/0000"
"Station latitude","-0.68"
"Station longitude","119.73"
"Station elevation","6.0"
"Showalter index","1.80"
"Lifted index","1.57"
"LIFT computed using virtual temperature","1.07"
"SWEAT index","198.01"
"K index","32.00"
"Cross totals index","19.00"
"Vertical totals index","21.90"
"Totals totals index","40.90"
"Convective Available Potential Energy","2.68"
"CAPE using virtual temperature","9.41"
"Convective Inhibition","-387.41"
"CINS using virtual temperature","-291.77"
"Equilibrum Level","375.14"
"Equilibrum Level using virtual temperature","370.98"
"Level of Free Convection","412.58"
"LFCT using virtual temperature","432.54"
"Bulk Richardson Number","0.41"
"Bulk Richardson Number using CAPV","1.42"
"Temp [K] of the Lifted Condensation Level","291.62"
"Pres [hPa] of the Lifted Condensation Level","918.66"
"Mean mixed layer potential temperature","298.78"
"Mean mixed layer mixing ratio","14.80"
"1000 hPa to 500 hPa thickness","5779.00"
"Precipitable water [mm] for entire sounding","47.15"
"Station identifier","WAML"
"Station number","97072"
"Observation time","150125/1200"
"Station latitude","-0.68"
"Station longitude","119.73"
"Station elevation","6.0"
"Showalter index","0.85"
"Lifted index","-1.42"
"LIFT computed using virtual temperature","-2.07"
"SWEAT index","211.00"
"K index","35.10"
"Cross totals index","19.60"
"Vertical totals index","22.30"
"Totals totals index","41.90"
"Convective Available Potential Energy","1132.93"
"CAPE using virtual temperature","1310.17"
"Convective Inhibition","-42.33"
"CINS using virtual temperature","-27.40"
"Equilibrum Level","148.31"
"Equilibrum Level using virtual temperature","148.28"
"Level of Free Convection","812.39"
"LFCT using virtual temperature","852.41"
"Bulk Richardson Number","191.71"
"Bulk Richardson Number using CAPV","221.70"
"Temp [K] of the Lifted Condensation Level","293.66"
"Pres [hPa] of the Lifted Condensation Level","915.55"
"Mean mixed layer potential temperature","301.17"
"Mean mixed layer mixing ratio","16.93"
"1000 hPa to 500 hPa thickness","5783.00"
"Precipitable water [mm] for entire sounding","49.85"
"Station identifier","WAML"
"Station number","97072"
"Observation time","150126/0000"
"Station latitude","-0.68"
"Station longitude","119.73"
"Station elevation","6.0"
"Showalter index","0.52"
"Lifted index","-1.21"
"LIFT computed using virtual temperature","-1.72"
"SWEAT index","205.00"
"K index","31.70"
"Cross totals index","20.30"
"Vertical totals index","22.70"
"Totals totals index","43.00"
"Convective Available Potential Energy","519.18"
"CAPE using virtual temperature","668.19"
"Convective Inhibition","-58.88"
"CINS using virtual temperature","-34.65"
"Equilibrum Level","195.23"
"Equilibrum Level using virtual temperature","194.20"
"Level of Free Convection","705.02"
"LFCT using virtual temperature","823.68"
"Bulk Richardson Number","198.35"
"Bulk Richardson Number using CAPV","255.28"
"Temp [K] of the Lifted Condensation Level","293.96"
"Pres [hPa] of the Lifted Condensation Level","947.05"
"Mean mixed layer potential temperature","298.58"
"Mean mixed layer mixing ratio","16.65"
"1000 hPa to 500 hPa thickness","5777.00"
"Precipitable water [mm] for entire sounding","46.46"
"Station identifier","WAML"
"Station number","97072"
"Observation time","150126/1200"
"Station latitude","-0.68"
"Station longitude","119.73"
"Station elevation","6.0"
"Showalter index","1.00"
"Lifted index","-1.20"
"LIFT computed using virtual temperature","-1.80"
"SWEAT index","206.60"
"K index","31.40"
"Cross totals index","19.60"
"Vertical totals index","23.10"
"Totals totals index","42.70"
"Convective Available Potential Energy","296.51"
"CAPE using virtual temperature","398.56"
"Convective Inhibition","-86.23"
"CINS using virtual temperature","-56.95"
"Equilibrum Level","217.18"
"Equilibrum Level using virtual temperature","217.11"
"Level of Free Convection","692.40"
"LFCT using virtual temperature","736.54"
"Bulk Richardson Number","24.00"
"Bulk Richardson Number using CAPV","32.26"
"Temp [K] of the Lifted Condensation Level","291.99"
"Pres [hPa] of the Lifted Condensation Level","896.63"
"Mean mixed layer potential temperature","301.25"
"Mean mixed layer mixing ratio","15.54"
"1000 hPa to 500 hPa thickness","5787.00"
"Precipitable water [mm] for entire sounding","48.91"
"Station identifier","WAML"
"Station number","97072"
"Observation time","150127/0000"
"Station latitude","-0.68"
"Station longitude","119.73"
"Station elevation","6.0"
"Showalter index","-0.23"
"Lifted index","-1.24"
"LIFT computed using virtual temperature","-1.50"
"SWEAT index","201.40"
"K index","32.20"
"Cross totals index","21.20"
"Vertical totals index","24.50"
"Totals totals index","45.70"
"Convective Available Potential Energy","64.22"
"CAPE using virtual temperature","102.24"
"Convective Inhibition","-240.53"
"CINS using virtual temperature","-189.68"
"Equilibrum Level","429.51"
"Equilibrum Level using virtual temperature","397.81"
"Level of Free Convection","578.84"
"LFCT using virtual temperature","601.41"
"Bulk Richardson Number","27.02"
"Bulk Richardson Number using CAPV","43.01"
"Temp [K] of the Lifted Condensation Level","291.55"
"Pres [hPa] of the Lifted Condensation Level","920.10"
"Mean mixed layer potential temperature","298.58"
"Mean mixed layer mixing ratio","14.71"
"1000 hPa to 500 hPa thickness","5767.00"
"Precipitable water [mm] for entire sounding","46.49"
"Station identifier","WAML"
"Station number","97072"
"Observation time","150127/1200"
"Station latitude","-0.68"
"Station longitude","119.73"
"Station elevation","6.0"
"Showalter index","-0.86"
"Lifted index","-3.67"
"LIFT computed using virtual temperature","-4.38"
"SWEAT index","238.21"
"K index","36.70"
"Cross totals index","21.50"
"Vertical totals index","23.70"
"Totals totals index","45.20"
"Convective Available Potential Energy","1405.60"
"CAPE using virtual temperature","1559.46"
"Convective Inhibition","-30.28"
"CINS using virtual temperature","-21.27"
"Equilibrum Level","155.20"
"Equilibrum Level using virtual temperature","154.99"
"Level of Free Convection","861.29"
"LFCT using virtual temperature","873.69"
"Bulk Richardson Number","44.41"
"Bulk Richardson Number using CAPV","49.28"
"Temp [K] of the Lifted Condensation Level","293.97"
"Pres [hPa] of the Lifted Condensation Level","916.20"
"Mean mixed layer potential temperature","301.43"
"Mean mixed layer mixing ratio","17.24"
"1000 hPa to 500 hPa thickness","5781.00"
"Precipitable water [mm] for entire sounding","55.25"
"Station identifier","WAML"
"Station number","97072"
"Observation time","150128/0000"
"Station latitude","-0.68"
"Station longitude","119.73"
"Station elevation","6.0"
"Showalter index","-1.23"
"Lifted index","-2.89"
"LIFT computed using virtual temperature","-3.29"
"SWEAT index","201.40"
"K index","33.80"
"Cross totals index","21.60"
"Vertical totals index","26.10"
"Totals totals index","47.70"
"Convective Available Potential Energy","153.10"
"CAPE using virtual temperature","221.49"
"Convective Inhibition","-170.24"
"CINS using virtual temperature","-117.75"
"Equilibrum Level","280.99"
"Equilibrum Level using virtual temperature","279.68"
"Level of Free Convection","607.95"
"LFCT using virtual temperature","630.12"
"Bulk Richardson Number","1030.29"
"Bulk Richardson Number using CAPV","1490.54"
"Temp [K] of the Lifted Condensation Level","292.42"
"Pres [hPa] of the Lifted Condensation Level","922.04"
"Mean mixed layer potential temperature","299.29"
"Mean mixed layer mixing ratio","15.52"
"1000 hPa to 500 hPa thickness","5769.00"
"Precipitable water [mm] for entire sounding","48.10"
"Station identifier","WAML"
"Station number","97072"
"Observation time","150128/1200"
"Station latitude","-0.68"
"Station longitude","119.73"
"Station elevation","6.0"
"Showalter index","0.01"
"Lifted index","-1.32"
"LIFT computed using virtual temperature","-1.74"
"SWEAT index","222.61"
"K index","33.80"
"Cross totals index","20.20"
"Vertical totals index","24.50"
"Totals totals index","44.70"
"Convective Available Potential Energy","326.90"
"CAPE using virtual temperature","392.50"
"Convective Inhibition","-139.94"
"CINS using virtual temperature","-106.44"
"Equilibrum Level","301.06"
"Equilibrum Level using virtual temperature","299.78"
"Level of Free Convection","654.37"
"LFCT using virtual temperature","672.59"
"Bulk Richardson Number","240.40"
"Bulk Richardson Number using CAPV","288.63"
"Temp [K] of the Lifted Condensation Level","291.25"
"Pres [hPa] of the Lifted Condensation Level","886.10"
"Mean mixed layer potential temperature","301.51"
"Mean mixed layer mixing ratio","15.01"
"1000 hPa to 500 hPa thickness","5780.00"
"Precipitable water [mm] for entire sounding","52.15"
"Station identifier","WAML"
"Station number","97072"
"Observation time","150129/0000"
"Station latitude","-0.68"
"Station longitude","119.73"
"Station elevation","6.0"
"Showalter index","0.20"
"Lifted index","-0.99"
"LIFT computed using virtual temperature","-1.52"
"SWEAT index","216.61"
"K index","31.20"
"Cross totals index","20.40"
"Vertical totals index","23.90"
"Totals totals index","44.30"
"Convective Available Potential Energy","55.71"
"CAPE using virtual temperature","114.36"
"Convective Inhibition","-175.82"
"CINS using virtual temperature","-62.97"
"Equilibrum Level","243.26"
"Equilibrum Level using virtual temperature","243.43"
"Level of Free Convection","584.02"
"LFCT using virtual temperature","799.60"
"Bulk Richardson Number","5.64"
"Bulk Richardson Number using CAPV","11.58"
"Temp [K] of the Lifted Condensation Level","292.13"
"Pres [hPa] of the Lifted Condensation Level","916.29"
"Mean mixed layer potential temperature","299.53"
"Mean mixed layer mixing ratio","15.34"
"1000 hPa to 500 hPa thickness","5778.00"
"Precipitable water [mm] for entire sounding","49.12"
"Station identifier","WAML"
"Station number","97072"
"Observation time","150103/1200"
"Station latitude","-0.68"
"Station longitude","119.73"
"Station elevation","6.0"
"Showalter index","0.04"
"Lifted index","-2.81"
"LIFT computed using virtual temperature","-3.04"
"SWEAT index","222.80"
"K index","33.80"
"Cross totals index","20.20"
"Vertical totals index","23.90"
"Totals totals index","44.10"
"Convective Available Potential Energy","891.41"
"CAPE using virtual temperature","989.13"
"Convective Inhibition","-44.84"
"CINS using virtual temperature","-24.72"
"Equilibrum Level","148.19"
"Equilibrum Level using virtual temperature","148.10"
"Level of Free Convection","766.47"
"LFCT using virtual temperature","839.63"
"Bulk Richardson Number","41.90"
"Bulk Richardson Number using CAPV","46.50"
"Temp [K] of the Lifted Condensation Level","295.11"
"Pres [hPa] of the Lifted Condensation Level","950.84"
"Mean mixed layer potential temperature","299.41"
"Mean mixed layer mixing ratio","17.83"
"1000 hPa to 500 hPa thickness","5780.00"
"Precipitable water [mm] for entire sounding","59.04"
"Station identifier","WAML"
"Station number","97072"
"Observation time","150129/1200"
"Station latitude","-0.68"
"Station longitude","119.73"
"Station elevation","6.0"
"Showalter index","-1.66"
"Lifted index","-2.69"
"LIFT computed using virtual temperature","-3.13"
"SWEAT index","197.41"
"K index","40.20"
"Cross totals index","21.50"
"Vertical totals index","27.50"
"Totals totals index","49.00"
"Convective Available Potential Energy","158.26"
"CAPE using virtual temperature","184.73"
"Convective Inhibition","-190.69"
"CINS using virtual temperature","-169.99"
"Equilibrum Level","424.78"
"Equilibrum Level using virtual temperature","422.73"
"Level of Free Convection","649.80"
"LFCT using virtual temperature","654.70"
"Bulk Richardson Number","29.58"
"Bulk Richardson Number using CAPV","34.53"
"Temp [K] of the Lifted Condensation Level","291.98"
"Pres [hPa] of the Lifted Condensation Level","920.50"
"Mean mixed layer potential temperature","298.98"
"Mean mixed layer mixing ratio","15.12"
"1000 hPa to 500 hPa thickness","5768.00"
"Precipitable water [mm] for entire sounding","54.24"
"Station identifier","WAML"
"Station number","97072"
"Observation time","150130/0000"
"Station latitude","-0.68"
"Station longitude","119.73"
"Station elevation","6.0"
"Showalter index","-0.49"
"Lifted index","-0.37"
"LIFT computed using virtual temperature","-0.78"
"SWEAT index","201.00"
"K index","33.80"
"Cross totals index","21.20"
"Vertical totals index","24.30"
"Totals totals index","45.50"
"Convective Available Potential Energy","13.28"
"CAPE using virtual temperature","38.40"
"Convective Inhibition","-243.27"
"CINS using virtual temperature","-216.10"
"Equilibrum Level","480.47"
"Equilibrum Level using virtual temperature","440.35"
"Level of Free Convection","581.64"
"LFCT using virtual temperature","590.20"
"Bulk Richardson Number","1.10"
"Bulk Richardson Number using CAPV","3.17"
"Temp [K] of the Lifted Condensation Level","291.85"
"Pres [hPa] of the Lifted Condensation Level","928.59"
"Mean mixed layer potential temperature","298.11"
"Mean mixed layer mixing ratio","14.85"
"1000 hPa to 500 hPa thickness","5765.00"
"Precipitable water [mm] for entire sounding","50.50"
"Station identifier","WAML"
"Station number","97072"
"Observation time","150130/1200"
"Station latitude","-0.68"
"Station longitude","119.73"
"Station elevation","6.0"
"Showalter index","-0.98"
"Lifted index","-2.56"
"LIFT computed using virtual temperature","-3.24"
"SWEAT index","207.40"
"K index","39.20"
"Cross totals index","21.40"
"Vertical totals index","24.90"
"Totals totals index","46.30"
"Convective Available Potential Energy","338.51"
"CAPE using virtual temperature","455.28"
"Convective Inhibition","-59.26"
"CINS using virtual temperature","-41.46"
"Equilibrum Level","219.26"
"Equilibrum Level using virtual temperature","219.06"
"Level of Free Convection","776.72"
"LFCT using virtual temperature","796.18"
"Bulk Richardson Number","72.72"
"Bulk Richardson Number using CAPV","97.81"
"Temp [K] of the Lifted Condensation Level","291.20"
"Pres [hPa] of the Lifted Condensation Level","877.84"
"Mean mixed layer potential temperature","302.26"
"Mean mixed layer mixing ratio","15.10"
"1000 hPa to 500 hPa thickness","5778.00"
"Precipitable water [mm] for entire sounding","50.02"
"Station identifier","WAML"
"Station number","97072"
"Observation time","150131/0000"
"Station latitude","-0.68"
"Station longitude","119.73"
"Station elevation","6.0"
"Showalter index","0.08"
"Lifted index","-0.08"
"LIFT computed using virtual temperature","-0.31"
"SWEAT index","209.81"
"K index","33.40"
"Cross totals index","20.40"
"Vertical totals index","24.50"
"Totals totals index","44.90"
"Convective Available Potential Energy","2.88"
"CAPE using virtual temperature","20.34"
"Convective Inhibition","-271.41"
"CINS using virtual temperature","-238.32"
"Equilibrum Level","496.50"
"Equilibrum Level using virtual temperature","465.72"
"Level of Free Convection","598.94"
"LFCT using virtual temperature","612.90"
"Bulk Richardson Number","0.73"
"Bulk Richardson Number using CAPV","5.15"
"Temp [K] of the Lifted Condensation Level","290.69"
"Pres [hPa] of the Lifted Condensation Level","901.28"
"Mean mixed layer potential temperature","299.47"
"Mean mixed layer mixing ratio","14.22"
"1000 hPa to 500 hPa thickness","5772.00"
"Precipitable water [mm] for entire sounding","48.56"
"Station identifier","WAML"
"Station number","97072"
"Observation time","150131/1200"
"Station latitude","-0.68"
"Station longitude","119.73"
"Station elevation","6.0"
"Showalter index","-0.58"
"Lifted index","-2.33"
"LIFT computed using virtual temperature","-2.99"
"SWEAT index","223.41"
"K index","38.10"
"Cross totals index","21.00"
"Vertical totals index","24.50"
"Totals totals index","45.50"
"Convective Available Potential Energy","356.85"
"CAPE using virtual temperature","489.39"
"Convective Inhibition","-75.89"
"CINS using virtual temperature","-53.44"
"Equilibrum Level","240.13"
"Equilibrum Level using virtual temperature","240.63"
"Level of Free Convection","758.50"
"LFCT using virtual temperature","781.02"
"Bulk Richardson Number","31.19"
"Bulk Richardson Number using CAPV","42.77"
"Temp [K] of the Lifted Condensation Level","292.44"
"Pres [hPa] of the Lifted Condensation Level","905.67"
"Mean mixed layer potential temperature","300.85"
"Mean mixed layer mixing ratio","15.86"
"1000 hPa to 500 hPa thickness","5779.00"
"Precipitable water [mm] for entire sounding","49.13"
"Station identifier","WAML"
"Station number","97072"
"Observation time","150107/1200"
"Station latitude","-0.68"
"Station longitude","119.73"
"Station elevation","6.0"
"Showalter index","0.82"
"Lifted index","-0.36"
"LIFT computed using virtual temperature","-0.45"
"SWEAT index","219.41"
"K index","33.90"
"Cross totals index","19.10"
"Vertical totals index","24.10"
"Totals totals index","43.20"
"Convective Available Potential Energy","73.04"
"CAPE using virtual temperature","93.27"
"Convective Inhibition","-207.96"
"CINS using virtual temperature","-132.81"
"Equilibrum Level","338.73"
"Equilibrum Level using virtual temperature","338.82"
"Level of Free Convection","599.73"
"LFCT using virtual temperature","708.23"
"Bulk Richardson Number","2.66"
"Bulk Richardson Number using CAPV","3.40"
"Temp [K] of the Lifted Condensation Level","292.75"
"Pres [hPa] of the Lifted Condensation Level","922.94"
"Mean mixed layer potential temperature","299.56"
"Mean mixed layer mixing ratio","15.85"
"1000 hPa to 500 hPa thickness","5793.00"
"Precipitable water [mm] for entire sounding","55.99"
"Station identifier","WAML"
"Station number","97072"
"Observation time","150108/0000"
"Station latitude","-0.68"
"Station longitude","119.73"
"Station elevation","6.0"
"Showalter index","1.49"
"Lifted index","0.57"
"LIFT computed using virtual temperature","0.35"
"SWEAT index","217.20"
"K index","31.80"
"Cross totals index","19.20"
"Vertical totals index","22.70"
"Totals totals index","41.90"
"Convective Available Potential Energy","26.40"
"CAPE using virtual temperature","35.94"
"Convective Inhibition","-137.84"
"CINS using virtual temperature","-104.73"
"Equilibrum Level","437.52"
"Equilibrum Level using virtual temperature","437.00"
"Level of Free Convection","604.78"
"LFCT using virtual temperature","627.53"
"Bulk Richardson Number","1.06"
"Bulk Richardson Number using CAPV","1.44"
"Temp [K] of the Lifted Condensation Level","292.87"
"Pres [hPa] of the Lifted Condensation Level","944.24"
"Mean mixed layer potential temperature","297.73"
"Mean mixed layer mixing ratio","15.58"
"1000 hPa to 500 hPa thickness","5771.00"
"Precipitable water [mm] for entire sounding","54.07"
"Station identifier","WAML"
"Station number","97072"
"Observation time","150108/1200"
"Station latitude","-0.68"
"Station longitude","119.73"
"Station elevation","6.0"
"Showalter index","0.32"
"Lifted index","-3.33"
"LIFT computed using virtual temperature","-3.62"
"SWEAT index","216.42"
"K index","30.20"
"Cross totals index","20.20"
"Vertical totals index","23.50"
"Totals totals index","43.70"
"Convective Available Potential Energy","1111.37"
"CAPE using virtual temperature","1217.94"
"Convective Inhibition","-3.20"
"CINS using virtual temperature","-2.15"
"Equilibrum Level","162.81"
"Equilibrum Level using virtual temperature","162.40"
"Level of Free Convection","925.15"
"LFCT using virtual temperature","930.52"
"Bulk Richardson Number","126.78"
"Bulk Richardson Number using CAPV","138.94"
"Temp [K] of the Lifted Condensation Level","295.26"
"Pres [hPa] of the Lifted Condensation Level","949.23"
"Mean mixed layer potential temperature","299.70"
"Mean mixed layer mixing ratio","18.02"
"1000 hPa to 500 hPa thickness","5788.00"
"Precipitable water [mm] for entire sounding","57.75"
"Station identifier","WAML"
"Station number","97072"
"Observation time","150109/0000"
"Station latitude","-0.68"
"Station longitude","119.73"
"Station elevation","6.0"
"Showalter index","-1.00"
"Lifted index","-2.35"
"LIFT computed using virtual temperature","-2.52"
"SWEAT index","226.00"
"K index","34.40"
"Cross totals index","21.80"
"Vertical totals index","24.70"
"Totals totals index","46.50"
"Convective Available Potential Energy","131.90"
"CAPE using virtual temperature","183.03"
"Convective Inhibition","-56.54"
"CINS using virtual temperature","-46.86"
"Equilibrum Level","255.87"
"Equilibrum Level using virtual temperature","255.41"
"Level of Free Convection","788.94"
"LFCT using virtual temperature","801.30"
"Bulk Richardson Number","4.85"
"Bulk Richardson Number using CAPV","6.73"
"Temp [K] of the Lifted Condensation Level","293.37"
"Pres [hPa] of the Lifted Condensation Level","945.78"
"Mean mixed layer potential temperature","298.10"
"Mean mixed layer mixing ratio","16.07"
"1000 hPa to 500 hPa thickness","5764.00"
"Precipitable water [mm] for entire sounding","54.28"
